<!DOCTYPE hibernate-configuration PUBLIC
"-//Hibernate/Hibernate Configuration DTD 3.0//EN"
"http://www.hibernate.org/dtd/hibernate-configuration-3.0.dtd">
<hibernate-configuration>       
  <session-factory>
    <!-- Database connection settings -->
    <property name="connection.driver_class">com.mysql.jdbc.Driver</property>
    <property name="connection.url">jdbc:mysql://localhost:3306/newdb</property>
    <property name="connection.username">root</property>
    <property name="connection.password">myPassword</property>
        <property name="hibernate.dialect">org.hibernate.dialect.MySQL8Dialect</property>
        <property name="hbm2ddl.auto">update</property>
       <property name="show_sql">true</property>
        <property name="current_session_context_class">thread</property>
        <property name="cache.provider_class">org.hibernate.cache.internal.NoCacheProvider</property>
        <property name="hibernate.show_sql">true</property>
        <mapping class="com.app.pojo.Admin"/>
        <mapping class="com.app.pojo.User"/>
        <mapping class="com.app.pojo.Question"/>
        <mapping class="com.app.pojo.Quiz"/>
        <mapping class="com.app.pojo.Category"/>
        <mapping class="com.app.pojo.QuizScore"/>
  </session-factory>
</hibernate-configuration>
<!-- hibernate.cfg.xml -->
